{"cameraMode":{"drawMode":0,"name":"Shaded","section":"Shading Mode"},"sceneLighting":true,"audioPlay":false,"sceneViewState":{"m_AlwaysRefresh":false,"showFog":true,"showSkybox":false,"showFlares":true,"showImageEffects":true,"showParticleSystems":true,"showVisualEffectGraphs":true,"m_FxEnabled":true},"in2DMode":false,"pivot":{"x":0.44465571641921999,"y":0.16945090889930726,"z":-2.179248332977295},"rotation":{"x":-0.20665739476680757,"y":0.7042208909988403,"z":-0.22737599909305573,"w":-0.6400516629219055},"size":4.663869380950928,"orthographic":false}